id,duration,outcome
1670,34.8717167,Passed
2235,38.1697408,Passed
1324,38.4427033,Passed
986,51.9696417,Passed
542,57.74358879999999,Passed
1845,60.3726009,Failed
326,64.87354810000001,Passed
2376,67.1045414,Passed
1506,67.559557,Passed
1547,68.7875155,Passed
582,70.5555243,Passed
2182,73.87148359999998,Passed
1590,74.70547090000002,Passed
2428,9.5099168,Passed
2229,25.3448385,Passed
1373,25.2688446,Passed
1030,83.07442890000002,Failed
1740,45.780724,Passed
973,24.4708125,Timeout
1228,86.40741700000002,Passed
983,7.471932099999999,Passed
253,56.316625,Passed
1202,21.6718797,Passed
1063,95.7753697,Passed
359,23.04083,Passed
2466,19.6328518,Passed
2404,12.6549328,Passed
140,31.76578660000001,Passed
2599,39.4927208,Passed
970,15.7528577,Passed
1671,10.196948,Passed
9,33.3957792,Passed
2110,43.5946861,Passed
2447,88.94542220000002,Passed
1448,38.1357467,Passed
1953,24.9448616,Passed
1712,33.197738300000005,Passed
204,20.240834600000003,Passed
2357,63.3325249,Passed
1231,24.4508054,Passed
2011,67.0335365,Timeout
499,50.8596373,Passed
1316,7.3629744000000015,Passed
1611,8.3099869,Passed
953,70.8045391,Passed
1413,31.8827739,Passed
2194,28.3877767,Passed
1696,35.6077602,Passed
165,16.0369003,Passed
1085,17.0508859,Passed
1295,13.7179342,Passed
535,16.1208931,Passed
48,10.6779532,Passed
1951,29.408771999999995,Passed
2274,36.34676629999999,Passed
1686,21.622835,Passed
2058,19.5858959,Passed
1337,43.4777158,Passed
1118,11.4289404,Passed
1510,18.241843300000006,Passed
843,28.7797911,Passed
169,39.723754,Passed
967,22.1818492,Passed
489,31.060788899999995,Failed
15,5.8199542,Passed
2569,15.4698742,Passed
928,22.184858,Passed
1831,24.6858162,Passed
1054,15.4268679,Passed
11,19.3428363,Passed
1386,35.88874960000001,Passed
603,17.2088523,Passed
1732,21.4778339,Passed
95,91.2043431,Passed
2256,11.0489248,Passed
2178,22.453863,Passed
2572,67.1745016,Passed
353,11.4489009,Passed
619,17.8038576,Passed
2554,8.656963300000001,Passed
2513,29.6907872,Passed
1835,25.0548358,Passed
557,16.279939300000002,Timeout
1708,8.8289321,Passed
620,18.7098966,Passed
2442,13.490886499999998,Passed
1000,20.7728871,Passed
930,17.951874399999994,Passed
2246,11.9179144,Passed
99,33.7948021,Passed
1593,45.8706763,Passed
2375,30.715823200000006,Failed
1543,37.7807679,Passed
446,121.432098,Passed
2567,31.2747877,Passed
1994,23.3078489,Passed
58,29.114808,Failed
834,17.2758914,Passed
896,41.4957461,Passed
2223,17.2238553,Passed
1015,40.0827242,Passed
2660,12.8099062,Passed
350,53.9066639,Passed
778,38.3817493,Timeout
650,40.3777162,Passed
1227,27.9718055,Passed
302,22.224810100000006,Timeout
2257,16.5469071,Passed
1159,27.4397901,Passed
1996,31.0888283,Passed
667,13.8098971,Passed
2420,35.9477408,Passed
2398,11.6329444,Passed
1186,35.69969620000001,Passed
1465,4.5930361,Passed
1913,22.3887693,Passed
87,46.1746474,Passed
7,24.9448247,Failed
408,15.5009122,Passed
2209,114.39222209999998,Failed
2570,40.48474279999999,Failed
1553,29.3007711,Passed
2283,26.7618586,Passed
1081,19.917861,Passed
2070,22.841835,Passed
465,24.4418095,Passed
1779,16.5219515,Passed
443,32.4447515,Failed
884,20.725848100000004,Passed
2254,11.9549163,Passed
294,16.0518828,Passed
2545,8.583928199999999,Passed
2450,26.6528804,Passed
201,54.143634,Passed
642,22.8188353,Passed
1057,20.437918,Timeout
2576,8.0709487,Passed
2064,28.6258283,Passed
2659,10.2298995,Passed
2617,22.7398711,Passed
1391,21.2278659,Passed
615,12.151924800000002,Timeout
2389,17.6288145,Passed
992,38.8626987,Passed
1629,8.3449381,Passed
1094,43.7766805,Failed
2250,28.0728089,Passed
688,26.6647962,Passed
583,129.1711073,Passed
468,12.9759347,Passed
660,14.9578906,Passed
211,44.6176783,Passed
1544,29.9487918,Passed
623,17.885916100000006,Passed
1878,6.650941,Passed
686,23.9238324,Passed
604,50.6506411,Passed
1847,40.4417334,Passed
1283,28.902795,Passed
1981,16.8488766,Passed
277,11.9369199,Passed
1072,9.7049605,Passed
1930,13.9399018,Passed
125,11.4329346,Timeout
2078,19.8378978,Failed
599,22.1338098,Passed
82,33.376794399999994,Passed
745,12.3298894,Passed
1384,21.6178787,Passed
768,8.8089371,Passed
1496,12.7838677,Passed
2313,15.442909599999998,Passed
107,22.327818,Passed
1882,17.264889800000002,Passed
950,10.517906300000002,Passed
1036,17.130889899999996,Passed
1666,15.2439449,Passed
632,18.493917,Passed
2282,29.1868009,Passed
81,28.4617894,Passed
1065,115.631223,Failed
1735,28.8417934,Passed
415,9.3788749,Passed
1191,28.251810100000004,Passed
711,12.5998895,Passed
1234,11.0848896,Passed
162,38.153743,Passed
2530,32.5237465,Timeout
1127,13.5259197,Passed
506,20.5628497,Passed
904,10.5219541,Passed
621,41.685694,Passed
522,28.5858299,Passed
215,12.3848881,Passed
244,15.5658755,Passed
1633,6.1779639,Passed
1053,21.8858433,Passed
2023,21.400897600000004,Passed
380,7.201918400000001,Passed
832,14.9808646,Passed
317,128.2930836,Timeout
1203,70.6004983,Failed
1968,55.8106076,Failed
2289,19.0568668,Passed
455,13.922901199999998,Passed
1475,8.795930499999999,Passed
1697,36.2977235,Passed
2456,17.790867499999994,Passed
97,66.8625317,Passed
2168,23.7678644,Passed
2655,23.1748464,Passed
1154,30.6728191,Passed
710,39.3837313,Timeout
782,23.1848549,Passed
194,10.4859514,Passed
37,14.8279343,Passed
2043,12.21688,Passed
1699,55.585593,Passed
76,34.5087283,Passed
2330,29.6598263,Failed
386,18.483861,Passed
1243,33.6967348,Passed
149,6.2349612,Passed
1644,18.7458578,Passed
236,10.0639821,Passed
979,14.160956099999998,Passed
1462,25.1267955,Passed
2477,21.0238498,Passed
295,28.421788,Passed
1378,53.77165479999999,Timeout
1995,13.5138895,Timeout
1736,14.291870199999998,Passed
1087,27.362832399999995,Passed
1819,21.781834,Passed
2568,18.7578586,Passed
42,21.5558671,Passed
69,20.7488111,Passed
1804,14.3969188,Passed
306,10.5639374,Passed
2343,59.2136014,Passed
412,27.708830100000004,Passed
1480,28.5388617,Passed
1024,67.82048520000001,Passed
916,31.2977945,Passed
2620,20.4368769,Timeout
2661,8.610878900000001,Passed
2211,60.60355920000001,Passed
2268,13.7048586,Passed
2658,33.1907748,Passed
2485,8.2169033,Passed
634,65.1885135,Passed
854,11.8389138,Passed
2152,31.5228117,Passed
2603,37.4917559,Passed
1807,13.184962099999998,Passed
2072,10.6229135,Passed
2385,39.9057226,Passed
1145,13.5509616,Passed
2446,14.4869185,Passed
772,13.665935199999998,Passed
2652,22.3898204,Passed
2311,17.286852300000003,Passed
1050,11.005917,Passed
2535,16.1329021,Passed
319,13.7019382,Passed
2101,14.0728561,Passed
1884,17.431897199999998,Passed
730,32.8407663,Passed
889,12.9639122,Passed
2596,15.0518973,Passed
994,17.4918573,Passed
403,46.8927195,Passed
1046,146.5109735,Timeout
997,18.8858661,Passed
925,9.5550049,Passed
1704,16.8378701,Passed
195,7.231955499999999,Passed
92,22.7698394,Passed
1876,15.910888,Passed
2115,27.5007913,Passed
680,37.9507381,Passed
220,30.5177697,Passed
738,21.2558611,Passed
651,24.9848238,Passed
2077,28.8007972,Passed
1803,21.5948285,Passed
1574,16.2108896,Timeout
2637,33.3317835,Passed
2628,14.101912400000002,Passed
1298,28.195800800000004,Passed
913,50.7546186,Timeout
467,11.1709313,Passed
202,57.4076199,Passed
779,34.9277659,Passed
1313,18.7898495,Passed
1744,18.4618402,Passed
1476,22.3688705,Passed
1066,23.8978297,Passed
2082,13.1869361,Passed
609,17.308888600000003,Passed
453,20.3638659,Failed
1310,25.3658403,Passed
1983,9.921922,Passed
777,18.4298492,Passed
781,14.5779389,Passed
589,22.384812300000004,Passed
1143,24.9458249,Passed
1795,36.8107503,Passed
1999,107.05330570000001,Passed
1881,16.3428625,Passed
1901,17.2318488,Passed
1408,11.0689232,Timeout
266,20.9548554,Passed
346,11.2759339,Passed
914,19.5138472,Timeout
413,14.9788948,Passed
1823,36.6737327,Passed
1972,12.44397,Passed
117,46.7036653,Passed
985,15.0078959,Passed
2028,74.9984798,Passed
1468,16.1858996,Passed
1158,33.9447659,Passed
419,18.4298646,Passed
2392,21.3868546,Passed
71,27.7028096,Passed
895,17.2258878,Passed
1725,21.3028408,Passed
2143,38.5827493,Passed
280,17.3428907,Passed
256,6.0839702,Passed
334,29.8548252,Passed
2481,102.1502984,Passed
1471,28.1708094,Passed
110,31.9867654,Failed
2378,11.1719546,Passed
1286,23.1968444,Passed
2000,38.9307333,Passed
2624,34.7607503,Passed
1123,38.71172720000001,Passed
822,10.2919436,Passed
171,17.434812100000002,Passed
893,13.4019238,Passed
2073,33.811754,Passed
2170,51.6326704,Passed
1211,23.6158292,Passed
900,12.1419215,Passed
1431,24.9587747,Passed
20,10.6589126,Passed
2579,32.710763,Passed
1637,39.9217076,Passed
759,17.514857199999998,Passed
617,21.3208598,Passed
1541,32.046742800000004,Passed
323,18.6698923,Passed
1482,16.2408554,Passed
1765,6.9029528,Passed
1303,54.3046316,Timeout
641,33.511739500000004,Passed
1841,13.7399443,Passed
2600,34.5817834,Passed
2047,19.9028568,Timeout
558,17.958872600000007,Passed
1773,20.0228173,Passed
1103,17.639902499999994,Passed
2383,26.8068984,Passed
1012,26.4078347,Passed
2527,16.9598813,Timeout
707,28.183815000000006,Passed
1097,16.4968675,Passed
1335,21.2058641,Passed
2244,26.6158047,Passed
2210,27.9317983,Passed
2098,22.3018612,Passed
756,33.1157734,Failed
2636,31.756773100000004,Passed
2643,23.1057853,Timeout
2315,25.1288301,Passed
1960,8.3679637,Passed
2430,26.399793100000004,Timeout
1178,20.2838767,Passed
1041,38.6177598,Passed
132,16.695873499999998,Passed
1111,30.393805600000004,Failed
1424,37.6627271,Passed
484,23.7848258,Passed
164,23.8408236,Passed
2540,41.2297235,Failed
906,41.9997078,Passed
2381,16.1018483,Passed
1500,28.7368415,Passed
2221,114.1092089,Passed
596,113.0272188,Passed
1327,34.445778600000004,Passed
1799,75.6144179,Timeout
691,31.547757399999995,Passed
2083,20.0408641,Passed
964,13.739900400000002,Passed
2317,33.500748800000004,Passed
532,24.7988188,Passed
289,40.3406903,Passed
41,31.2927961,Failed
1144,28.105812100000005,Passed
1950,25.856862,Passed
1815,29.8347886,Passed
145,13.3739185,Passed
1341,15.4629126,Passed
371,20.6838806,Failed
1486,28.169812300000004,Passed
1868,15.6988792,Passed
1940,17.2858535,Passed
1236,20.1388654,Passed
2012,9.2929105,Passed
324,45.5637097,Passed
2448,64.8835474,Failed
1060,29.8397789,Timeout
2598,36.6827677,Passed
977,33.369778600000004,Passed
247,13.6009292,Passed
2493,24.9938269,Passed
1183,19.0718352,Passed
1438,44.7227704,Passed
337,22.5898336,Passed
122,18.7148706,Passed
2537,28.8167946,Passed
1440,25.474802,Passed
118,8.1129521,Passed
2071,11.146941,Failed
1933,12.4468936,Passed
1571,23.8038278,Passed
2173,15.7498481,Passed
150,29.0847543,Failed
887,11.5238935,Passed
2347,38.9027311,Passed
2066,15.6369109,Passed
1353,16.3579038,Passed
523,20.3438738,Passed
705,22.2208546,Passed
2390,23.6298593,Passed
1905,12.4779366,Passed
451,16.0998952,Passed
1010,12.1819187,Passed
1817,80.3444646,Passed
188,28.6607882,Passed
868,29.5568065,Passed
637,29.1038365,Passed
996,28.4448279,Passed
672,14.7078876,Passed
1157,34.8858024,Passed
372,10.9669325,Passed
486,25.5888451,Passed
1348,19.659854,Passed
2382,11.9999151,Passed
368,22.5468263,Passed
2130,19.033854100000006,Passed
1361,16.3518611,Passed
835,21.4578708,Passed
1346,66.2795564,Passed
1796,14.1699096,Passed
698,27.6957925,Passed
407,9.535927699999998,Passed
1410,4.8609595,Failed
533,57.3266208,Passed
2380,20.934842,Passed
65,17.3578887,Passed
2396,38.6047125,Passed
395,19.3488407,Passed
1467,18.5558921,Passed
2006,15.6739199,Failed
1137,19.5258837,Passed
1961,17.0598857,Passed
812,21.1808617,Passed
1678,96.6283171,Failed
144,10.1869365,Passed
1879,8.7019305,Passed
152,18.6878589,Passed
27,11.2269313,Passed
713,47.788663,Passed
1260,13.765897099999998,Passed
2183,20.501833,Passed
721,22.1818529,Passed
1254,13.393920800000002,Passed
1946,28.9398034,Passed
561,33.303785999999995,Passed
1501,14.9298951,Passed
314,11.1838949,Timeout
2386,11.3629337,Passed
2227,20.2108655,Passed
1958,18.8528629,Failed
381,22.8528352,Passed
1827,30.9957868,Failed
198,12.753911,Passed
2338,22.753835,Timeout
2013,17.7098666,Passed
2286,17.7228598,Passed
569,18.3368455,Passed
748,44.6136782,Passed
178,29.5978204,Passed
548,19.1178714,Passed
2560,27.2388189,Passed
801,153.56996,Timeout
296,13.8379006,Passed
1907,10.8659223,Passed
1754,21.9798467,Passed
2127,27.215779600000005,Passed
1790,33.9487388,Passed
168,18.6358555,Passed
2584,18.7088615,Passed
2118,11.6589275,Passed
1965,34.105762,Passed
908,40.6347087,Passed
1152,31.7977383,Passed
851,18.1588771,Failed
1290,14.304862900000002,Passed
2374,24.1978413,Passed
2198,15.6939131,Passed
179,17.487866699999998,Passed
1854,31.5907294,Passed
1855,15.8369247,Passed
2411,20.1308657,Passed
0,34.3817765,Passed
1190,52.228644,Passed
263,16.6689066,Passed
515,31.1067404,Passed
1255,20.6168467,Passed
18,19.8028806,Passed
2230,18.399838,Passed
784,20.5808424,Passed
2003,30.6967838,Passed
2502,24.3598445,Passed
1702,35.388773,Passed
2548,24.754860600000004,Failed
1481,18.5859047,Passed
1173,68.9125152,Passed
1588,71.4275206,Passed
2026,13.956899900000002,Passed
503,12.5778499,Passed
10,21.9368438,Passed
1074,13.8918994,Passed
157,21.8488393,Passed
897,62.5875537,Passed
1622,22.1438477,Passed
2086,27.2618423,Passed
336,11.286912,Timeout
1172,7.3669473,Passed
1663,12.096919,Passed
1423,27.1438332,Failed
5,16.0288507,Passed
1603,32.9368075,Passed
2625,19.5068471,Passed
216,10.1229399,Passed
1512,21.7688403,Failed
2022,18.0428756,Failed
1794,17.1508518,Passed
1789,10.9339148,Passed
2067,17.6469445,Passed
627,17.124886800000002,Passed
2169,8.094977400000001,Passed
1356,22.4278658,Passed
2154,26.1458404,Passed
2632,15.077903699999998,Passed
470,42.80070300000001,Passed
1891,10.569908300000002,Passed
2612,22.3888211,Passed
463,36.8977682,Passed
475,11.215878300000002,Timeout
2309,19.5308862,Passed
594,13.925899800000002,Passed
1444,17.6068341,Passed
1507,42.0367107,Passed
2492,55.1286248,Passed
549,17.413889899999994,Passed
2190,15.2259027,Failed
1233,43.8096883,Passed
668,9.7299205,Passed
1132,24.512843,Passed
1193,4.1309761,Passed
2427,36.8637388,Passed
1987,23.4088647,Passed
276,7.8939399,Passed
1655,30.151798100000004,Passed
2444,26.293830100000005,Passed
495,190.9417208,Passed
703,21.0708244,Passed
2163,32.448752299999995,Passed
1772,32.693763399999995,Passed
1247,164.5048413,Passed
1860,18.0498804,Failed
1238,28.1018095,Passed
1931,21.4798349,Passed
2518,44.0366982,Passed
1626,13.6809247,Passed
2421,25.5468052,Failed
564,25.2428372,Passed
1971,25.6638103,Passed
844,17.6118715,Passed
409,19.930901,Passed
2108,21.9628475,Passed
646,18.0258743,Passed
554,22.5228219,Passed
941,30.5587686,Passed
352,5.9849601,Passed
519,208.1425709,Failed
1798,26.9798128,Passed
1294,20.9888592,Passed
2247,16.6188717,Passed
1948,23.4268555,Failed
2516,12.2959297,Failed
278,27.5398583,Passed
2415,13.321882999999998,Passed
1582,8.792930400000001,Passed
2416,55.1076278,Passed
1166,24.2398432,Passed
2332,26.0838227,Passed
571,17.119885399999998,Passed
1377,23.4708068,Passed
182,6.0969664,Passed
2236,10.5249539,Passed
1758,11.807918199999998,Passed
2318,12.160917199999998,Passed
1984,8.1319479,Passed
1654,38.4037511,Passed
872,31.251793100000004,Passed
894,28.4627839,Passed
981,32.7827658,Passed
2431,82.2344422,Passed
1304,28.585788800000003,Passed
143,21.0088551,Passed
1858,35.8427435,Passed
882,15.691877599999998,Passed
2541,59.8086179,Passed
2063,22.9418394,Passed
1259,85.69838309999999,Passed
2269,25.0008261,Passed
1126,24.7098185,Passed
831,24.3038486,Passed
2218,20.5968804,Passed
1792,26.9218154,Passed
181,16.9958816,Passed
2179,18.3418332,Timeout
1056,6.2359255,Passed
328,37.4557537,Failed
1684,13.3539212,Passed
1280,12.7099016,Passed
2015,14.7629306,Passed
1251,19.0918775,Passed
493,7.4278782,Passed
55,49.79859310000001,Timeout
34,54.1886813,Timeout
1788,13.8018963,Passed
347,13.8598659,Passed
2473,23.046888600000006,Passed
624,30.385739,Passed
1526,34.6817346,Passed
585,27.3008244,Passed
2413,62.9645573,Timeout
226,50.4646715,Timeout
729,20.1999181,Passed
1549,23.0377894,Passed
1043,23.6788283,Passed
1727,16.572867600000002,Passed
1896,22.6798668,Passed
2474,25.5138073,Passed
93,33.4687452,Passed
1207,25.3228341,Passed
89,67.86952459999999,Timeout
2336,40.24369229999999,Passed
991,59.1795655,Timeout
1516,68.4715538,Passed
1031,50.5866807,Passed
441,38.8047395,Passed
49,20.9478538,Passed
1366,31.1188016,Passed
480,14.3009092,Passed
767,45.7047328,Passed
1451,24.4048432,Passed
102,20.1288674,Passed
1859,11.7539371,Passed
1532,24.4748117,Timeout
1473,18.0908802,Passed
2348,25.8888612,Passed
940,40.4236998,Passed
434,7.367942599999999,Passed
2468,21.5228703,Passed
228,27.642835100000006,Passed
2278,16.001859099999994,Passed
1893,12.4479245,Passed
1090,13.8388886,Passed
2509,32.3007613,Passed
2402,32.3617945,Failed
1652,34.41973660000001,Failed
1160,30.1067955,Passed
113,24.8138262,Passed
72,14.2988732,Passed
1630,19.0238696,Passed
1419,20.681848,Passed
303,15.1659286,Passed
1733,82.1844387,Passed
454,21.8948468,Passed
702,15.9588857,Timeout
595,58.42156510000001,Passed
2007,11.5189434,Passed
1370,42.7766932,Passed
2243,15.7178773,Passed
1912,17.085887399999994,Passed
1926,19.6708534,Passed
1575,13.442931699999995,Passed
1959,75.51853440000002,Passed
792,17.444856,Passed
1369,21.215821,Passed
1188,17.8488803,Passed
1420,16.684886,Passed
2462,58.7336228,Passed
2640,22.1758189,Timeout
1721,39.05270170000001,Passed
374,16.422903899999998,Passed
2425,20.194865300000004,Passed
1281,16.512862300000002,Passed
2212,16.1868543,Passed
389,17.224873100000003,Passed
948,42.788696,Passed
2297,12.730899,Passed
1309,16.1818913,Passed
227,33.9447604,Passed
1165,20.8948443,Passed
28,21.5638363,Passed
927,129.6631365,Passed
241,133.7870676,Timeout
235,16.5808842,Passed
2214,15.9528809,Passed
1239,20.277869100000004,Passed
341,9.654961300000002,Passed
318,14.4138766,Passed
1075,18.4249076,Passed
1695,18.776862,Failed
2281,35.1427501,Passed
1409,14.365866199999996,Passed
1358,15.621898800000002,Passed
2622,37.5067979,Passed
1382,14.7189247,Failed
520,7.837935499999999,Passed
1071,14.2019098,Passed
1662,19.5028479,Passed
267,25.4248074,Passed
1187,32.6617582,Passed
859,15.1628513,Passed
1279,10.704949,Passed
265,29.9947964,Passed
659,19.7258856,Passed
1061,25.9288184,Passed
2426,33.8137581,Passed
2353,12.624936,Passed
25,93.7313755,Passed
536,33.7177958,Passed
1466,15.3708514,Passed
2041,39.796737,Failed
2345,15.8838869,Passed
365,22.135816100000003,Passed
1511,16.3948593,Passed
965,17.652844899999995,Passed
1101,4.5360236,Passed
867,18.3118902,Passed
1315,23.7458248,Passed
1970,5.6649447,Passed
678,20.5698791,Failed
2177,22.1088121,Passed
504,24.8038225,Failed
418,11.3268932,Passed
2158,13.451937699999998,Passed
2249,17.889873100000006,Passed
1601,101.8233275,Passed
433,30.543774900000006,Passed
581,28.3678149,Passed
526,13.952941399999998,Timeout
507,12.8919065,Passed
1117,27.6417955,Passed
369,18.478891600000004,Passed
574,12.6699391,Passed
954,54.2906439,Timeout
1381,27.4698276,Passed
625,12.1459242,Passed
1985,25.4128031,Passed
2322,28.4987855,Passed
354,75.5264691,Passed
423,19.871858300000003,Passed
209,57.45458299999999,Timeout
1768,23.0878463,Passed
1443,26.3458011,Passed
618,56.875653,Passed
66,15.781883,Passed
2021,17.4249089,Passed
514,20.9868527,Passed
2361,16.854851500000002,Failed
1536,17.7398653,Passed
430,20.5068752,Passed
1199,29.6178187,Passed
2107,33.9737599,Passed
445,26.2627939,Passed
813,62.8965644,Timeout
2352,25.3628343,Passed
1934,24.0778373,Passed
2574,18.3108824,Passed
192,8.782929199999998,Passed
2056,36.363762,Passed
30,24.8768136,Passed
1439,138.2980622,Timeout
1339,16.6918444,Passed
1778,31.578758500000006,Passed
959,23.780829,Passed
1810,14.9258938,Passed
4,22.0578444,Passed
2128,19.8338612,Failed
2324,18.0118732,Passed
448,6.799945299999999,Passed
1122,17.772923199999994,Passed
2359,8.9809398,Passed
1099,34.0407705,Passed
2025,59.7606158,Passed
217,51.0786444,Timeout
901,13.8828982,Passed
2159,27.7487929,Passed
1197,10.9379216,Passed
658,37.9477333,Failed
2412,18.2868924,Passed
1877,35.0747534,Timeout
1400,14.6368848,Passed
1414,24.9508287,Passed
1415,9.1889362,Passed
2368,9.5149581,Passed
2434,25.0648229,Passed
213,19.0708747,Passed
1114,38.8197818,Passed
2593,23.7348537,Passed
1853,24.202841,Passed
2346,11.7318666,Passed
2252,88.8163715,Passed
722,28.0098071,Passed
2571,34.8807526,Passed
933,16.7908796,Passed
210,19.5398489,Passed
1110,18.219891,Passed
2275,29.2737728,Passed
2573,109.95423980000001,Passed
1861,17.664899399999996,Passed
2495,10.406904699999998,Passed
1108,11.993914300000002,Passed
2555,13.5689302,Passed
187,20.6908862,Passed
2153,15.5758713,Passed
1215,6.3159686,Passed
1096,65.3595613,Passed
1698,64.66853789999999,Failed
566,35.0867499,Passed
1658,27.8308307,Passed
1540,22.4728595,Passed
1319,19.9478624,Passed
2091,26.7898514,Passed
1675,13.0758751,Passed
2024,18.51085,Passed
251,23.0738452,Passed
312,11.149932000000002,Passed
572,18.7799017,Passed
1568,20.5808434,Passed
1450,13.5678545,Passed
1832,11.192932699999998,Failed
288,61.0645802,Passed
601,13.3249184,Passed
1527,47.6236706,Passed
806,24.1578385,Passed
1447,25.415798100000004,Passed
1916,54.53959989999999,Timeout
2120,21.1078548,Passed
810,16.820876600000002,Passed
1918,27.8047977,Passed
820,34.606744799999994,Passed
2634,12.9238966,Passed
2228,29.7357845,Failed
255,26.177828,Passed
2365,16.227864800000006,Passed
1927,29.147792,Passed
1084,26.3178147,Passed
2032,13.2699193,Passed
1683,18.5318897,Passed
2187,81.63046,Passed
2096,9.9169695,Passed
2199,18.1948827,Passed
2556,14.661884900000002,Passed
840,13.2699125,Passed
1201,18.8208622,Passed
1643,98.2133049,Timeout
529,19.1888538,Passed
946,16.0198522,Passed
2206,25.0448243,Passed
2410,79.6304503,Passed
1289,41.1747253,Failed
460,24.6568562,Passed
1494,30.198810700000006,Passed
956,13.956937900000002,Passed
193,17.425894800000002,Passed
483,11.6249115,Passed
2238,36.3076828,Passed
2491,23.2128388,Passed
1288,32.1127414,Passed
962,17.969874100000006,Passed
1284,17.711892499999994,Passed
105,91.3083591,Passed
1406,15.0918597,Timeout
186,14.9959032,Passed
2417,15.1259009,Passed
1306,17.7058662,Passed
231,43.3846658,Passed
735,52.0966062,Timeout
2293,24.9938347,Passed
1376,33.6517914,Passed
661,26.3018714,Passed
1048,11.5678945,Passed
2651,48.5226857,Passed
1007,57.11360910000001,Passed
2242,21.2998721,Passed
1349,33.5267895,Passed
850,20.499828,Passed
2042,48.97466729999999,Passed
2531,23.8878384,Passed
2592,23.4318548,Passed
2500,11.2129243,Timeout
351,13.6358896,Passed
838,20.026858800000007,Timeout
1196,20.9568614,Passed
292,15.415868599999998,Passed
1490,33.0628267,Timeout
2287,101.2473099,Passed
129,19.6568991,Passed
1875,17.248889399999996,Passed
316,57.5495839,Timeout
1521,35.891754799999994,Passed
80,23.0668383,Passed
2040,26.9038089,Passed
525,27.7938366,Passed
498,66.7995253,Failed
33,53.113631700000006,Timeout
2639,33.979771,Passed
481,30.7288159,Passed
1567,27.5898322,Passed
229,33.1227286,Passed
2010,55.2976287,Timeout
717,22.9478697,Passed
2219,38.0107325,Passed
2144,34.297737700000006,Passed
290,29.2798091,Passed
1519,35.86474860000001,Passed
681,16.242897,Passed
847,37.4647537,Failed
2084,19.5718948,Passed
689,12.7249405,Passed
960,26.7768039,Passed
248,13.3289214,Passed
824,41.7337014,Timeout
283,10.2409395,Passed
285,28.0318078,Passed
800,35.9307467,Timeout
1955,35.51871729999999,Passed
208,27.9528032,Passed
1491,24.8108253,Passed
84,9.5479158,Passed
1212,21.6308052,Passed
2631,20.0978612,Timeout
1908,19.1568731,Passed
461,33.2737861,Passed
321,54.7876181,Passed
245,50.4966269,Passed
512,48.4926449,Passed
1058,17.2808646,Passed
254,68.5725083,Passed
2459,26.1958287,Passed
793,18.9988764,Failed
2395,21.9668495,Passed
1106,9.4009384,Passed
1093,17.821863,Failed
2439,15.1629065,Passed
2264,20.6238473,Passed
2001,35.8177456,Failed
325,22.3978203,Passed
1446,21.9908521,Passed
929,25.7498184,Passed
106,30.1567593,Passed
2562,31.8437699,Passed
693,23.59686,Passed
699,22.6528287,Passed
2585,14.283912,Passed
1453,31.88077460000001,Passed
1821,19.096873100000003,Passed
1886,45.653668,Passed
1850,27.1528352,Timeout
1561,12.8659059,Passed
1756,25.6747956,Passed
1956,28.9997958,Passed
1287,22.2618555,Passed
427,28.4668118,Timeout
1301,39.9407226,Passed
2609,37.1367483,Passed
1275,24.0268336,Timeout
1120,16.298896499999998,Passed
1977,19.7908451,Passed
972,22.229853,Passed
517,22.0928509,Passed
1710,20.6998631,Passed
1402,32.335787100000005,Passed
1493,18.9518689,Passed
1595,10.8989229,Passed
1892,18.3048405,Passed
19,87.6623824,Passed
1232,29.1608059,Passed
496,6.5629753,Passed
1305,17.2319035,Passed
993,23.4638589,Timeout
2135,63.4545807,Passed
2192,33.8867593,Passed
1989,20.6048618,Passed
1757,28.0218061,Passed
655,15.0769484,Passed
2051,39.2607415,Passed
1852,12.6988926,Passed
2093,29.8517961,Passed
1520,19.5278819,Passed
1265,17.026882399999998,Passed
471,11.8909153,Passed
1949,30.0877915,Failed
1862,51.7416343,Passed
1760,31.4597418,Passed
2602,11.9109149,Passed
391,33.4197841,Timeout
2433,21.3547849,Passed
670,17.036886199999998,Timeout
502,14.013903,Passed
1562,8.286951700000001,Passed
239,19.394882,Passed
417,52.5996272,Passed
1822,43.9606896,Failed
2059,41.5226954,Passed
2577,19.7628519,Passed
742,22.7828387,Passed
2463,13.4678889,Passed
1883,27.2758427,Timeout
657,75.945471,Failed
559,96.7763216,Passed
115,56.0466171,Passed
2458,15.8308799,Passed
1679,14.2909112,Passed
2301,25.3218375,Timeout
1146,19.0879131,Passed
2034,17.7059003,Passed
2455,33.6907556,Passed
1872,20.9078891,Passed
2461,55.4366311,Timeout
257,27.8648012,Passed
1029,19.6388938,Passed
774,15.059872,Passed
2306,9.7179276,Passed
647,8.3619228,Passed
221,21.054855,Passed
828,54.0026719,Failed
1656,24.7138577,Passed
2514,20.8818527,Passed
1784,40.7617115,Failed
1806,26.7778094,Passed
1632,14.5848983,Passed
2036,33.501787,Passed
1548,13.0849397,Passed
1180,15.0879019,Passed
163,22.8568315,Passed
845,79.4804297,Passed
733,21.5638332,Passed
2053,39.7167165,Passed
1405,13.7718921,Passed
1404,52.2376488,Failed
2222,26.3757973,Passed
1430,27.0468099,Passed
2126,12.4589241,Passed
1693,26.0708218,Passed
1929,24.9298285,Passed
553,24.3638051,Failed
1285,27.0087816,Passed
273,17.228849800000006,Passed
1851,10.9938761,Passed
2181,34.376782299999995,Passed
2339,24.7068179,Passed
1142,26.2057876,Passed
1437,14.9809006,Passed
2172,18.5698925,Passed
1988,21.6878462,Passed
562,31.4848041,Passed
307,19.7568542,Passed
1375,16.1138762,Passed
931,32.9037686,Passed
1044,9.2629829,Passed
761,30.848778600000006,Passed
1962,29.8707904,Passed
724,9.2389039,Passed
1915,42.85169910000001,Passed
920,33.4367563,Passed
139,26.5628374,Passed
2279,18.437852600000006,Passed
1360,31.2577524,Failed
1745,38.9447291,Passed
2524,18.8538617,Timeout
440,45.8986814,Passed
989,41.98574960000001,Passed
563,7.4889727,Passed
560,25.8118438,Passed
631,19.7298546,Passed
384,20.6458814,Passed
2186,26.4057932,Passed
2387,21.246863,Passed
1751,20.19486,Passed
1614,25.313837600000006,Passed
2522,29.5348143,Passed
2476,19.1098717,Passed
2441,26.5528365,Passed
2273,15.6979253,Passed
1276,13.6428918,Passed
2308,18.6068964,Passed
1762,21.2258577,Passed
1,20.404839300000006,Passed
85,10.8029174,Passed
1849,12.1698732,Passed
2090,18.9558654,Passed
1396,19.210813,Passed
1272,10.0489141,Passed
183,35.3507684,Timeout
1524,15.645877800000004,Passed
1224,30.7367794,Passed
2515,27.4628279,Passed
141,25.9478177,Passed
1131,11.4789426,Passed
1477,37.497717,Passed
2196,38.0497334,Passed
155,18.5028517,Passed
2314,5.9039532,Passed
731,20.1678608,Passed
330,8.5409288,Passed
826,18.4988694,Timeout
2074,12.2888854,Passed
2362,7.852939200000002,Passed
1135,23.8938278,Passed
259,23.7968256,Passed
1894,7.7559355,Passed
888,18.3168895,Passed
1163,32.462793100000006,Passed
1580,17.6419035,Passed
905,31.36678,Passed
1292,22.1658505,Passed
1367,26.2178265,Passed
673,39.3367352,Passed
2519,15.3119022,Passed
2185,21.6568836,Passed
1246,8.325991199999999,Passed
1162,10.0299322,Passed
1078,24.0028413,Passed
2119,13.8118983,Passed
830,17.653865600000003,Passed
942,40.0977307,Passed
790,33.871755799999995,Passed
1805,13.7628886,Passed
270,23.7208282,Passed
1914,74.36946379999998,Passed
1802,15.7818845,Passed
917,44.4166801,Passed
123,28.523784600000006,Passed
75,17.5309014,Passed
488,40.0716859,Failed
339,33.1047349,Passed
2453,29.9347892,Passed
2618,22.5838589,Passed
1017,21.6858807,Passed
1171,22.6248289,Passed
911,26.5037867,Passed
466,24.0548613,Passed
804,22.2058509,Passed
1458,56.76360089999999,Passed
1967,44.160699,Passed
1032,20.5548813,Passed
78,20.0758709,Failed
382,26.4288343,Passed
2393,23.4428578,Passed
264,26.9957848,Passed
1982,8.457923300000001,Passed
1991,21.3048644,Passed
447,16.6888741,Failed
2335,72.9954953,Timeout
1359,25.390806,Timeout
2290,42.2366706,Passed
750,17.0819122,Passed
297,13.679898499999998,Passed
363,26.771806899999994,Passed
2251,56.14061170000001,Timeout
1709,18.6758943,Passed
2075,33.1507759,Passed
1578,35.8387845,Passed
1229,33.7607516,Failed
2045,85.19941700000003,Failed
696,21.5908315,Passed
875,155.36790369999997,Passed
2440,21.7208375,Passed
1597,58.01760279999999,Timeout
714,26.8948044,Passed
2479,30.064803,Passed
1691,24.6838585,Passed
2195,31.2457903,Passed
1488,29.1958055,Passed
1767,108.3582294,Failed
871,32.826763,Passed
159,20.4787942,Passed
2240,25.6248167,Passed
575,15.9598913,Passed
1371,28.0768487,Passed
1898,31.892774600000006,Passed
2262,12.2298858,Passed
1129,36.7727821,Passed
411,42.4977242,Passed
2654,45.0176895,Passed
2405,36.6377682,Passed
2018,18.4448497,Passed
377,11.6539112,Passed
679,19.494878600000003,Passed
1648,10.6939121,Passed
1583,9.0809411,Passed
687,17.3208444,Passed
112,13.0768964,Timeout
2629,34.4237746,Passed
2586,31.6537673,Failed
172,28.644826,Passed
490,24.5648521,Passed
1141,25.117793,Timeout
1394,36.9067453,Passed
1210,17.733866,Passed
683,24.9838275,Passed
1182,20.065863,Passed
798,23.5468752,Passed
370,39.5707086,Passed
1328,23.3588132,Passed
2161,25.554807500000006,Passed
2303,20.7858883,Passed
1787,29.3477985,Passed
652,39.3537358,Failed
1748,41.6017028,Passed
1389,93.1743246,Timeout
2351,16.3629038,Passed
653,39.0797303,Passed
2231,28.9637646,Passed
1837,68.13758419999999,Passed
2226,15.6408747,Passed
685,52.4506601,Timeout
1627,29.5557774,Passed
944,26.3628318,Passed
1797,30.8368179,Timeout
282,28.3527917,Passed
1039,23.4018519,Passed
364,47.2956449,Passed
1124,32.4617447,Passed
2234,31.6037989,Passed
2358,17.7508665,Passed
1843,55.6086376,Passed
2551,33.1757457,Passed
1808,28.8507961,Passed
1005,27.7908009,Passed
1204,19.1688761,Passed
128,35.294763399999994,Passed
1390,11.4808563,Passed
849,32.2887777,Passed
551,20.590846,Passed
2656,45.87667370000001,Passed
1080,19.1998492,Passed
2563,47.06467960000001,Passed
170,20.1958736,Passed
421,15.255859,Passed
2642,21.5578805,Passed
644,47.7417201,Passed
252,13.7209089,Passed
491,15.6029615,Passed
1508,20.121863,Passed
1258,28.9858064,Passed
1296,49.5376408,Passed
1661,37.16674879999999,Passed
1833,23.1748404,Passed
1539,25.176785,Passed
2272,29.9508337,Passed
2488,23.3688111,Passed
890,31.1247892,Passed
1001,44.871684,Passed
648,14.3859166,Passed
2399,41.3086902,Passed
291,50.3226172,Failed
1269,33.0607689,Passed
109,22.2838565,Passed
329,18.1318733,Passed
1782,33.7837602,Passed
809,34.8997382,Passed
2016,21.1858632,Passed
961,29.290811699999995,Passed
1533,79.4544697,Passed
1513,14.169908,Passed
1064,18.012880199999994,Passed
1151,7.059953299999999,Passed
794,21.1038662,Passed
2328,25.165833600000006,Passed
1242,33.2997833,Passed
2613,16.5968824,Passed
405,21.0498578,Passed
2364,44.6186787,Passed
1250,38.5187091,Passed
734,36.5527663,Passed
1156,22.6228305,Passed
1079,26.5898507,Passed
1990,22.770782500000006,Passed
694,19.7448547,Passed
358,15.1989024,Passed
1147,21.0548564,Passed
399,27.7478039,Passed
2111,20.578846,Passed
2294,35.88975,Passed
885,11.4989381,Passed
861,21.809887600000003,Passed
1812,16.3368996,Passed
1570,32.1847894,Passed
2475,16.0088641,Passed
203,22.0348556,Passed
246,35.3947773,Passed
640,24.6248608,Passed
1689,28.7007467,Passed
2241,11.315896400000002,Passed
345,15.5289076,Passed
2614,28.7687914,Passed
1245,12.0089364,Passed
1848,44.5627011,Timeout
1505,13.8208684,Passed
712,23.3208146,Passed
86,15.8318807,Passed
83,20.0158544,Failed
1429,20.7598468,Passed
2239,15.5788977,Passed
1895,24.216847100000006,Failed
628,20.098863100000006,Passed
2134,28.5367742,Passed
1198,31.8578137,Passed
2371,39.1347376,Passed
1395,17.8929088,Passed
1764,28.4208206,Failed
1174,32.2467929,Passed
654,38.8257191,Passed
833,24.9347864,Passed
153,16.0968897,Passed
1278,16.3079064,Passed
1694,58.4576106,Failed
2097,25.5928715,Timeout
199,14.1408689,Passed
8,25.564848,Passed
396,21.2109163,Passed
633,36.4447301,Passed
70,18.3538497,Passed
511,159.7549034,Timeout
1770,27.0228101,Passed
2062,27.3778168,Passed
1357,13.475958300000002,Passed
1470,20.3178295,Passed
2559,18.8908699,Passed
481,33.0637743,Passed
690,38.8977306,Passed
367,17.1338903,Passed
1986,12.8599142,Passed
2255,34.2928153,Passed
1411,180.1627662,Passed
508,34.26968710000001,Passed
1937,18.1938035,Passed
2451,37.34270789999999,Passed
1427,7.8899836,Failed
1599,14.8258885,Passed
593,17.6578587,Passed
1181,18.1228781,Passed
2407,48.1865846,Failed
1535,22.2418109,Passed
212,16.4378616,Passed
947,47.0076753,Timeout
2501,21.1338562,Passed
1088,30.2998046,Passed
538,16.2109341,Passed
469,12.7909427,Passed
398,23.7888268,Passed
394,15.5279056,Failed
1766,53.6946127,Passed
1824,20.376922600000004,Passed
464,13.6759806,Passed
2558,12.3719253,Failed
2122,21.6978574,Passed
984,46.4866975,Passed
1673,21.6668857,Passed
1681,20.212829100000004,Passed
335,22.1248512,Passed
1416,33.994768,Passed
783,18.078879,Passed
2106,18.6308557,Passed
2521,24.5538121,Passed
891,15.533868900000002,Passed
1943,36.6867411,Passed
1004,34.1887694,Passed
945,33.4587868,Passed
590,27.8228275,Passed
174,14.0939051,Passed
2095,19.047875,Passed
1573,32.7077627,Passed
1329,26.3217809,Passed
2065,17.5758617,Passed
1344,22.2048517,Passed
903,41.9027116,Failed
580,22.010803600000006,Passed
1557,9.6239183,Passed
1579,89.8713753,Failed
695,28.8217776,Passed
1334,59.8725786,Passed
1113,14.1479014,Failed
2189,20.2118804,Passed
1426,30.8107817,Passed
120,27.3137867,Failed
737,19.1808698,Passed
2019,34.4417385,Passed
775,18.6008526,Passed
1522,28.848796000000004,Passed
1352,24.9608332,Passed
2039,19.0848697,Passed
1011,7.977943700000001,Passed
1237,40.4596533,Failed
2123,6.523932,Passed
2578,18.6168554,Passed
1534,32.6507566,Passed
1793,19.4788836,Passed
126,33.7587608,Passed
1880,16.109895,Passed
1270,25.9948165,Timeout
1525,60.09258810000001,Passed
2370,60.7175633,Passed
2089,23.1878487,Passed
2276,44.662764,Passed
1674,42.77275170000001,Passed
1774,31.1168132,Passed
1235,18.0618313,Passed
848,29.547793100000003,Passed
630,23.2598036,Passed
1463,25.281839,Passed
2284,18.5838945,Passed
2296,22.378893100000006,Timeout
2081,29.0787619,Passed
2136,20.0578341,Passed
416,20.9067997,Passed
1049,17.271889899999998,Passed
1253,24.5338515,Passed
1680,28.0678174,Passed
2326,19.2519209,Passed
242,24.3898038,Passed
869,22.2908388,Timeout
284,20.7658464,Passed
230,16.5589498,Passed
1076,17.5229477,Passed
189,35.6567336,Passed
2002,37.3667568,Passed
1726,27.624747,Passed
802,22.1928596,Passed
671,23.3918825,Passed
1028,17.5998963,Passed
2489,21.2758262,Passed
579,6.5148817,Passed
2597,62.43862489999999,Timeout
1457,13.2829165,Passed
2379,26.1918296,Passed
2217,15.8338847,Passed
38,12.9819075,Passed
14,8.567924,Passed
1130,31.06179,Passed
1581,27.0098336,Passed
1871,17.9399607,Passed
2164,14.968933800000002,Passed
2131,13.2739204,Passed
907,61.5925592,Failed
1256,15.678887,Passed
1062,31.6287692,Passed
1752,11.5839058,Passed
819,15.780882,Passed
2248,14.2538697,Passed
862,23.4108187,Timeout
184,10.668906800000002,Passed
771,10.0479319,Passed
1993,19.7948526,Passed
2350,11.9039121,Passed
1209,36.1177556,Passed
2232,32.246787,Passed
2561,16.109892600000002,Passed
1664,13.9309409,Passed
293,19.6238784,Passed
612,22.9498393,Passed
1887,17.2438957,Passed
978,11.5539089,Passed
1964,22.5768319,Passed
299,21.1178629,Passed
2363,16.853878299999998,Timeout
1564,58.1236478,Passed
1372,69.7585107,Failed
1777,16.5818977,Passed
1620,22.7048346,Timeout
2265,74.0894965,Passed
1509,21.2648583,Passed
1230,24.1668419,Passed
68,18.7288618,Passed
1442,70.0435185,Passed
2606,75.9704752,Timeout
1067,19.4748519,Passed
958,13.0449081,Passed
898,40.31974,Timeout
524,22.4658523,Passed
938,22.018849600000006,Passed
1104,34.6577485,Passed
1422,33.175782500000004,Passed
1529,20.9798551,Passed
716,23.1458061,Passed
2109,82.28644809999999,Timeout
311,23.6388641,Passed
1992,49.440676,Passed
1920,17.3668891,Passed
2027,14.2609091,Passed
2305,15.6189135,Passed
479,25.7568111,Passed
626,31.1427928,Passed
2331,29.5177779,Failed
2267,20.9288472,Passed
1484,22.9698409,Passed
1957,19.798858300000006,Passed
2460,22.0818472,Passed
665,11.5439433,Passed
2490,10.0219313,Passed
1320,86.5753859,Timeout
968,17.3729003,Passed
1945,21.2928145,Passed
1241,11.3988983,Passed
74,26.641802,Passed
1621,25.3348031,Passed
1504,21.6948372,Passed
1433,43.1477134,Failed
2167,16.1868949,Passed
373,17.7698665,Passed
1343,17.7378688,Passed
2061,35.21276810000001,Passed
795,33.2538005,Passed
1271,8.8689394,Passed
1016,24.7618626,Passed
2529,16.666912300000003,Passed
387,4.898999099999998,Passed
785,66.45056070000001,Passed
2373,20.1498653,Passed
2103,20.827883,Passed
1206,19.8748604,Timeout
1716,17.4938985,Passed
755,17.5688506,Timeout
1631,21.6838364,Passed
740,9.7049205,Passed
474,21.1928276,Passed
2258,13.9259062,Passed
1009,15.3149076,Passed
406,17.3488139,Passed
1407,90.3663901,Failed
766,22.6988272,Timeout
598,24.7218146,Passed
708,49.7526086,Timeout
2197,18.6698565,Passed
1769,41.1417162,Passed
2406,54.99461779999999,Passed
2641,20.9328542,Passed
135,25.5028524,Passed
52,14.9238907,Passed
1836,20.5049203,Passed
865,30.8478169,Passed
439,12.4788972,Passed
426,26.176776800000006,Passed
1498,20.0888502,Passed
2213,16.548868,Passed
2400,48.2626575,Passed
1177,11.9819142,Passed
385,227.5004041,Passed
2193,42.9907035,Failed
2253,14.4348736,Passed
1889,31.822807399999995,Passed
2208,12.1049161,Failed
746,36.0827561,Passed
487,36.0427498,Passed
762,12.2159378,Passed
1998,33.4377712,Passed
949,51.4306225,Passed
753,21.008860100000003,Passed
1600,19.4108829,Passed
2611,12.303932199999998,Passed
565,19.4168828,Passed
2104,19.0028232,Passed
1713,10.242937800000002,Passed
677,30.642774600000006,Passed
121,33.2197965,Passed
1885,33.532796399999995,Passed
1502,24.6768158,Passed
505,40.7117064,Passed
392,17.388889300000002,Passed
1923,32.7017615,Timeout
310,34.1797674,Failed
2536,20.5998379,Passed
2508,16.737875199999998,Timeout
1364,15.4359071,Passed
2050,40.4677395,Passed
1119,28.969795,Passed
1514,25.351855800000006,Passed
1719,24.0397866,Timeout
586,21.796844600000004,Passed
1464,17.3019012,Passed
1906,19.9068606,Passed
877,23.5807894,Passed
103,30.5378089,Failed
424,21.0858171,Passed
1326,22.6878615,Passed
2525,31.4478002,Passed
937,17.5398615,Passed
1935,15.818837900000002,Passed
501,17.1729304,Passed
2004,40.885704,Timeout
342,116.9401834,Passed
736,28.545787,Passed
2017,23.563821,Passed
2494,115.98719640000002,Passed
2582,31.3477597,Passed
1826,25.1867961,Passed
2367,26.8408195,Passed
1299,31.7778476,Passed
1374,12.010937,Passed
1801,22.8618022,Passed
2216,19.564881600000003,Passed
1814,47.7366619,Passed
177,37.7177232,Passed
550,24.2078415,Passed
2397,15.541914300000002,Passed
2044,34.5697688,Failed
2124,20.7228515,Timeout
808,13.255901500000002,Passed
2245,33.1417756,Passed
130,22.042846,Passed
2266,16.2889122,Passed
701,42.5916415,Passed
1515,26.383788,Passed
237,20.7138442,Passed
2316,24.9218252,Passed
1277,24.7848188,Passed
482,30.5027707,Passed
1612,46.7506698,Passed
2533,7.7139743,Passed
1230,31.2007615,Passed
167,39.0777375,Timeout
934,28.176769,Passed
1077,10.321940800000002,Failed
2031,18.10288,Passed
457,30.021792600000005,Passed
2116,14.2389125,Passed
2422,11.9519343,Passed
1282,19.2439234,Passed
2060,23.7208309,Passed
952,21.3218654,Passed
1594,18.3038841,Failed
191,19.9838612,Passed
2076,10.2059385,Passed
629,11.8509124,Passed
2079,15.0838983,Passed
472,23.985805600000006,Failed
1300,23.516858300000006,Passed
1596,10.2389395,Passed
492,11.7889466,Passed
1098,19.6708847,Passed
1428,29.2528059,Passed
2349,23.2188486,Passed
2432,38.62271810000001,Failed
2188,10.3119002,Passed
2478,19.0198658,Passed
815,19.388843,Passed
1452,17.762876300000006,Failed
1763,58.1895976,Passed
510,17.2988979,Passed
2650,27.3187769,Passed
473,16.607872699999998,Passed
2542,28.053812800000006,Passed
1731,16.5509065,Passed
2087,17.369892999999998,Passed
827,25.2248337,Timeout
205,97.1053333,Passed
2605,32.4267527,Passed
2,22.3278585,Passed
509,21.6758767,Passed
939,22.8038348,Passed
1634,35.0137567,Failed
2048,22.1868953,Passed
1542,53.5276123,Passed
1863,18.362896,Failed
2467,26.3118373,Passed
2645,23.5928572,Passed
2133,30.197800800000003,Failed
1336,32.6387239,Passed
1856,24.731812,Passed
963,22.4168642,Passed
988,25.2368346,Passed
1647,33.8777631,Passed
1432,17.0228873,Passed
301,28.4948241,Passed
1781,22.2988589,Passed
64,21.416896,Passed
674,25.05583,Passed
656,27.0228154,Passed
543,35.5717771,Passed
249,36.7667415,Passed
160,33.9597641,Passed
610,19.120813100000003,Passed
1363,8.823888400000003,Passed
1038,8.4039775,Passed
1605,25.9327737,Passed
639,23.1708474,Passed
1791,28.1628124,Passed
422,32.480736900000004,Passed
1380,24.8428229,Passed
1545,23.8588318,Passed
1707,67.3255083,Passed
450,17.5559176,Failed
749,72.1005098,Passed
1393,17.7648826,Passed
91,13.9459017,Passed
1047,14.3129102,Passed
1749,12.6699177,Passed
1563,14.762890099999998,Passed
1785,30.5407519,Passed
1026,22.5008253,Passed
1302,77.45248459999998,Timeout
567,23.4028117,Passed
1775,9.8209245,Passed
1261,83.84641429999998,Passed
2099,39.6147112,Passed
1811,23.2928529,Passed
1642,25.1898312,Passed
1586,22.8318645,Passed
752,25.7178074,Passed
180,18.7028972,Passed
923,28.452780800000006,Passed
2528,71.70049399999998,Failed
2646,12.8939255,Passed
2539,18.134884,Passed
428,22.1268956,Passed
1383,15.9598887,Passed
261,7.888940299999999,Passed
918,14.1059001,Passed
1759,14.4049179,Passed
1045,11.8829153,Passed
223,22.4758638,Passed
797,26.307834600000003,Passed
219,14.336894699999998,Passed
799,40.6357441,Passed
676,12.6588991,Passed
1365,15.5189113,Passed
1086,44.4126768,Passed
874,15.7428792,Passed
136,11.4329341,Passed
2046,22.9487991,Passed
1873,20.495878,Timeout
1978,39.70871210000001,Passed
258,21.1148203,Passed
1538,11.3508527,Passed
393,7.4719243,Passed
24,28.5098213,Passed
614,16.99588,Passed
2520,38.2227448,Failed
383,21.7278442,Timeout
1682,18.26589,Passed
592,24.5128503,Passed
1312,24.705799,Passed
739,18.600893600000006,Passed
1608,22.8208424,Passed
1692,26.8408101,Passed
788,20.4048769,Passed
2165,10.1509045,Passed
971,28.7648816,Timeout
305,87.71238340000002,Passed
137,36.0237534,Passed
1618,39.1747316,Failed
706,12.9019012,Passed
974,10.6829483,Passed
1021,25.224832100000004,Passed
1617,25.3788066,Passed
1485,10.5949432,Passed
521,29.2588033,Passed
2550,17.185887,Timeout
1019,37.28470640000001,Passed
692,38.6167355,Passed
1297,9.4659524,Passed
343,10.6078997,Passed
1105,17.788867,Passed
268,21.887812,Passed
2207,26.7778043,Passed
2435,31.395766100000003,Passed
1318,11.9559384,Passed
663,33.6677541,Passed
1195,15.0999072,Passed
1445,76.89245890000002,Timeout
1834,15.2939089,Passed
1720,26.8758561,Passed
1776,28.5087836,Passed
2630,30.8747824,Passed
743,37.6267259,Passed
13,27.6758346,Passed
40,11.3939317,Passed
456,58.2086438,Failed
857,12.9469115,Passed
2534,41.2436846,Passed
2009,10.3069417,Passed
73,19.481847,Passed
1761,34.199727100000004,Passed
2204,25.845817800000006,Passed
1589,20.9418491,Passed
1900,17.0418839,Passed
1006,21.5308736,Timeout
1397,18.5868554,Passed
1609,14.3508736,Passed
546,18.140848100000003,Passed
880,19.6498899,Passed
138,34.5096992,Passed
697,37.5487285,Passed
1969,37.4307533,Passed
388,33.7357563,Passed
719,24.1158362,Passed
1635,18.2358431,Passed
2587,15.1528763,Passed
870,20.4868795,Failed
2615,20.6938543,Passed
864,33.3557828,Passed
1771,20.1018651,Passed
1483,17.2689222,Failed
1008,16.5239321,Passed
2176,29.6208507,Passed
2517,42.9147018,Passed
1308,20.8978105,Passed
3,42.0537094,Passed
2607,14.880923,Passed
57,28.0828143,Passed
2201,23.5868595,Passed
2557,22.2728534,Passed
1322,34.197819200000005,Passed
990,13.1289497,Passed
863,24.4388538,Passed
2180,10.444908,Passed
1469,12.1768861,Passed
2139,12.935868199999998,Passed
2581,15.711878,Passed
878,21.3588655,Passed
1560,23.9748318,Passed
2510,24.3128066,Passed
2342,44.9866881,Timeout
477,31.134751399999995,Passed
776,15.311903699999998,Passed
63,12.353891,Passed
728,8.8969368,Passed
51,9.323945,Passed
1729,17.571899300000002,Passed
1221,32.9707464,Passed
1347,157.8439064,Timeout
764,16.8468763,Passed
718,11.4429,Passed
715,53.0246397,Passed
1624,101.6922867,Passed
1917,30.384767100000005,Passed
432,28.4568158,Passed
1523,35.2587283,Passed
821,16.0078943,Passed
1828,25.9408182,Passed
858,38.6177199,Passed
1921,32.819763,Passed
1669,12.6949381,Passed
1109,8.8429334,Passed
2030,36.1367803,Passed
588,37.777732,Passed
1340,17.048861,Passed
151,57.8815946,Failed
332,31.4967667,Passed
478,64.459572,Passed
402,69.1445308,Passed
969,26.1278028,Passed
616,24.1578422,Passed
805,42.277717,Passed
175,17.8778722,Passed
161,28.6818283,Passed
2263,25.6558331,Passed
1577,21.954849,Passed
2038,78.4984317,Passed
320,30.3658112,Passed
1997,19.6178111,Passed
1730,36.9747469,Failed
414,39.5447453,Passed
1623,51.0176422,Passed
2233,24.3957992,Passed
1091,48.2416733,Passed
1668,23.8158509,Failed
1734,9.2009901,Passed
1651,26.1098216,Passed
1489,18.1198785,Passed
919,43.8566859,Failed
366,13.9438927,Passed
2149,18.2808864,Passed
1293,14.5389229,Passed
2626,17.7218734,Passed
1455,72.9514921,Timeout
1975,39.6787134,Passed
2409,19.9868607,Passed
1497,25.588816,Passed
1566,46.4006973,Passed
537,25.3708401,Timeout
982,35.5627342,Passed
811,28.1548155,Passed
2215,13.478876800000002,Passed
2138,33.713749799999995,Passed
1257,28.6888177,Passed
846,31.9957544,Passed
444,17.8138594,Passed
2055,18.7357927,Passed
1572,38.5476314,Failed
47,13.3268318,Passed
1517,5.673903,Passed
926,31.3876907,Passed
2280,24.937721600000003,Passed
2394,17.7667546,Passed
725,19.1777365,Passed
1714,8.1609016,Passed
1240,56.29447070000001,Passed
1738,13.6178052,Passed
1606,12.461862,Passed
1273,14.8697984,Passed
1205,24.108683300000006,Passed
2121,65.60937879999999,Passed
31,45.4894633,Passed
763,34.4765256,Passed
2102,34.3945604,Passed
545,12.5488539,Passed
1115,9.4398632,Passed
741,22.1507173,Passed
349,15.640777599999998,Passed
1219,8.7708265,Passed
232,43.4264515,Passed
452,12.9308036,Passed
250,18.934747,Passed
709,25.5016385,Passed
2125,52.3433193,Passed
1592,38.2774617,Failed
534,9.2788298,Passed
995,28.9856127,Timeout
96,7.393916099999998,Failed
1546,12.5868644,Passed
67,17.788793300000005,Passed
636,84.9629877,Timeout
1083,14.5728286,Passed
2391,22.1507092,Passed
602,50.432345,Passed
682,32.5945446,Passed
1291,42.2794487,Timeout
881,49.3893605,Passed
1528,19.0197512,Passed
936,20.6507077,Passed
1102,16.7247273,Passed
1252,21.3037279,Passed
1092,26.0446293,Timeout
987,55.2942626,Passed
1839,40.81851270000001,Passed
2549,24.2316956,Passed
308,28.8035973,Passed
2334,9.565858,Passed
17,22.2576846,Passed
1722,23.6946793,Passed
1936,28.9446115,Passed
1022,27.6326148,Passed
754,25.6857135,Passed
2299,33.1245658,Passed
1436,43.1644375,Failed
1368,24.3646529,Passed
1263,37.2635106,Passed
1869,14.576812599999998,Passed
2337,11.90784,Passed
1649,10.2558318,Passed
2401,9.7308607,Passed
518,45.9534315,Failed
2566,42.7434375,Passed
1169,12.0248453,Passed
787,15.6748187,Passed
6,29.6926256,Passed
1175,17.539698899999998,Passed
61,10.949844,Passed
2327,23.932685100000004,Passed
1942,79.747967,Timeout
2203,37.431519,Passed
1640,21.7406937,Passed
1002,39.7944623,Passed
344,24.9927158,Passed
1925,60.6751943,Failed
2175,31.5085961,Passed
1388,43.86245200000001,Timeout
1974,23.0186935,Failed
36,11.0218515,Passed
1911,28.3685894,Passed
1741,30.3125511,Passed
1148,59.4202285,Passed
1167,28.8596103,Passed
1025,35.4575076,Passed
2033,43.3514311,Passed
1584,11.7218732,Passed
119,20.3947433,Timeout
2454,17.7027997,Passed
45,15.4127719,Passed
2029,136.66618359999998,Timeout
1035,18.8227698,Passed
886,18.1867646,Failed
2591,21.4717285,Passed
856,12.6598175,Passed
2162,29.3196231,Passed
2191,33.3345697,Timeout
240,12.7728526,Passed
438,33.0875632,Passed
2580,36.334447,Passed
1487,30.645582300000004,Passed
1924,24.5306514,Passed
2260,68.87508170000001,Passed
1192,20.5027374,Passed
573,15.427772699999998,Passed
613,132.6892231,Passed
770,8.890872900000002,Passed
744,21.1367243,Passed
2054,22.4946839,Passed
1870,39.836464,Passed
101,7.2819145,Passed
356,57.3042519,Passed
2285,8.983877699999997,Passed
134,11.3598606,Passed
1023,14.812834400000002,Failed
1220,15.0368035,Passed
1705,25.0336332,Passed
2298,11.6838758,Passed
225,32.3285442,Passed
1530,29.231612800000004,Passed
1598,35.24559179999999,Passed
1266,25.0776754,Passed
1418,41.5424261,Passed
401,36.8295091,Passed
1703,17.3057677,Passed
233,20.0826985,Passed
943,19.2197812,Passed
146,22.033665300000006,Passed
476,26.701629,Passed
207,18.8067567,Passed
142,32.213548,Passed
108,35.1634516,Passed
2137,18.1917606,Passed
1739,31.966573200000006,Passed
584,20.5257211,Passed
2480,64.403161,Passed
1556,9.8258641,Passed
531,30.0176006,Passed
1715,24.2766854,Passed
1667,10.8138489,Passed
807,21.4296814,Timeout
376,25.4726796,Failed
436,98.5856703,Passed
348,23.1717028,Passed
494,11.4988651,Passed
1268,14.6558318,Timeout
2369,18.4977737,Passed
1194,24.441694,Passed
1379,54.0822838,Passed
22,32.193612,Passed
1059,15.874784900000002,Passed
1518,33.9395906,Passed
32,23.8136773,Passed
757,10.5658218,Passed
2471,8.888876,Passed
2594,24.249679,Passed
2080,28.3646014,Passed
1153,30.1996566,Passed
1314,47.7383931,Passed
1355,12.3888735,Passed
622,11.5648831,Passed
1910,26.8946511,Passed
2644,11.1898606,Passed
88,14.5418285,Failed
836,20.596710100000006,Passed
1401,54.3332576,Timeout
1711,30.286562,Passed
1323,33.3855281,Timeout
158,53.3523124,Passed
1690,24.5236946,Passed
286,20.5567132,Passed
2512,18.1127099,Passed
1136,148.4070609,Timeout
829,23.1406658,Passed
2092,41.8344498,Timeout
2423,27.646658,Passed
1161,34.267515100000004,Passed
2601,34.1875155,Passed
2403,40.1384298,Failed
2085,33.4285792,Passed
287,27.7746619,Passed
2443,40.92148579999999,Passed
876,62.8501551,Timeout
298,35.2015349,Passed
206,42.9384314,Passed
643,40.4094733,Passed
1717,50.1203475,Timeout
1559,43.7593998,Passed
378,35.679511,Passed
2623,25.1186623,Passed
909,43.67043,Passed
2552,50.72736550000001,Passed
723,17.6477916,Passed
852,39.8704638,Passed
1226,34.7845285,Passed
1531,149.1500311,Failed
2621,21.9257129,Failed
1820,31.9845768,Passed
1874,21.7757129,Passed
176,25.1746695,Passed
516,27.9506322,Passed
1665,30.1266064,Passed
727,56.8352764,Failed
222,20.5357454,Passed
442,19.8287306,Passed
1168,66.29412669999999,Timeout
196,30.0086012,Passed
2312,46.7093592,Passed
1248,27.0156334,Passed
2225,25.8756461,Failed
2470,28.5346508,Passed
879,17.252779,Passed
429,19.459719600000003,Passed
547,20.7297144,Passed
431,22.3467131,Passed
1027,48.37737,Passed
16,17.4677532,Passed
1089,33.7595373,Passed
322,7.5009181,Passed
1134,20.3847416,Failed
1653,16.2197915,Passed
568,63.3321713,Passed
114,19.974773300000006,Passed
2565,29.697593,Failed
1128,18.0047548,Passed
459,45.321405,Passed
190,23.9246804,Passed
2160,40.1874743,Passed
2005,22.4927192,Passed
1829,60.2492047,Failed
2200,28.8076169,Passed
1607,9.0428754,Passed
2068,29.107551,Passed
1718,10.524805699999998,Passed
1140,27.0256415,Passed
675,30.658579,Passed
796,28.4166375,Passed
59,31.3025465,Passed
786,15.2358167,Passed
1944,34.9125343,Failed
2184,56.1042189,Passed
29,15.7118201,Passed
1866,15.4978135,Passed
1552,23.9757073,Timeout
999,17.541745499999998,Passed
2544,43.4344068,Failed
2344,56.0202626,Passed
60,36.4224964,Passed
2649,59.6791522,Failed
2307,18.4077904,Passed
2564,19.9287808,Passed
726,25.293636,Passed
2224,81.65490059999998,Passed
397,157.5388833,Failed
912,28.3205979,Passed
362,36.5604986,Timeout
156,22.573687600000003,Passed
791,28.895643300000003,Passed
635,104.5805895,Passed
2052,15.359793599999998,Passed
2575,14.4947876,Passed
2647,43.0184263,Failed
638,49.3063138,Passed
26,35.76550920000001,Passed
1456,34.744564000000004,Passed
425,32.956563800000005,Passed
281,23.4107042,Passed
1657,24.896663,Passed
2429,24.3137027,Passed
1392,9.0238875,Passed
2220,26.251662300000003,Passed
2333,30.012637100000006,Passed
608,25.7236888,Passed
2008,33.701556,Passed
591,61.2931567,Passed
12,35.75351470000001,Passed
2014,71.70003740000001,Passed
1932,39.3454516,Passed
606,21.184708800000006,Passed
44,17.172735199999998,Passed
1902,9.2418405,Passed
747,41.4264275,Passed
910,42.2824151,Passed
1264,40.6334401,Passed
1706,14.8957957,Passed
649,6.3779757,Passed
1330,29.6575851,Passed
360,14.967798000000002,Passed
2132,5.673953900000001,Passed
1816,16.4827995,Passed
1838,26.0786526,Passed
2140,4.8349294,Passed
1139,24.1656829,Passed
1435,8.3008616,Passed
437,5.5249037,Passed
1244,23.9427177,Passed
2321,4.7349337,Passed
924,8.9618793,Passed
899,16.458800099999998,Timeout
2633,36.2885289,Passed
1332,63.6311813,Passed
1185,18.6947389,Passed
1813,10.0008696,Passed
1018,18.7157807,Passed
825,17.9747977,Timeout
166,30.6406165,Passed
197,13.8948105,Passed
2340,15.2328096,Passed
539,25.1696423,Passed
1317,13.719760999999998,Passed
540,9.4748523,Passed
2484,19.4987599,Passed
955,6.8998773,Passed
238,24.491693,Passed
915,21.9677071,Passed
751,28.1796387,Passed
1688,28.987611,Passed
2020,28.5126055,Passed
2482,16.0288283,Passed
1966,4.9589312,Passed
1200,5.0069026,Passed
1013,37.6044383,Passed
2100,7.323916900000001,Passed
2323,4.0729637,Passed
892,8.1819003,Passed
104,2.2399404,Passed
1492,21.8227444,Passed
1474,3.7399404,Passed
1979,47.1503459,Passed
1441,27.5846623,Passed
2304,9.6958851,Passed
1150,98.9536445,Passed
1628,4.3809546,Passed
597,9.7508598,Passed
2319,2.4650225,Passed
1331,16.3417951,Passed
2424,48.25237420000001,Passed
2057,6.605941099999999,Passed
2295,7.0658723,Passed
1938,12.7068192,Passed
462,18.722738,Passed
1125,5.570907599999999,Passed
355,15.1198271,Passed
1659,27.5125662,Passed
361,4.200955,Passed
390,14.6227897,Passed
1650,4.1349525,Passed
1338,13.9188053,Passed
147,10.766838,Passed
1909,7.8398878,Passed
2469,29.0656624,Passed
1082,41.67545689999999,Passed
218,8.917875599999997,Passed
1274,12.8258249,Timeout
2608,10.0128654,Passed
1638,14.0598647,Passed
1687,41.4325104,Passed
975,13.048830699999998,Passed
1660,29.0356122,Passed
2619,81.59589509999998,Passed
173,14.754800400000002,Failed
1499,20.1007347,Passed
1218,24.0866832,Timeout
2483,17.7477517,Passed
127,39.0594839,Passed
662,39.846465,Passed
1014,73.7370464,Passed
1625,43.2503933,Passed
2354,49.1013499,Passed
2648,50.22733970000001,Passed
200,138.0411576,Passed
1746,61.93617270000001,Passed
315,61.9392045,Passed
327,70.6410453,Passed
1952,65.7651164,Passed
2657,75.05700279999998,Passed
576,90.4178125,Passed
1217,80.7129089,Passed
2142,96.891706,Passed
2472,452.68000010000003,Passed
1947,15.8627823,Passed
